{
  "IsEncrypted": false,
  "Values": {
    "WEBSITE_SLOT_NAME": "Production",
    "FUNCTIONS_EXTENSION_VERSION": "~3",
    "ScmType": "None",
    "WEBSITE_AUTH_ENABLED": "False",
    "REMOTEDEBUGGINGVERSION": "16.0.28729.10",
    "FUNCTIONS_RUNTIME_SCALE_MONITORING_ENABLED": "0",
    "APPINSIGHTS_INSTRUMENTATIONKEY": "d7b9c911-6819-4cf6-9ac0-fb0481202064",
    "WEBSITE_AUTH_AUTO_AAD": "False",
    "FUNCTIONS_WORKER_RUNTIME": "dotnet",
    "WEBSITE_SITE_NAME": "simplerotationsample-fn",
    "WEBSITE_AUTH_LOGOUT_PATH": "/.auth/logout",
    "AzureWebJobsStorage": "DefaultEndpointsProtocol=https;AccountName=simplerotationsamplestrg;AccountKey=4sApqQJE54SQXagMERRngnSEllDdFi5JY2BfqRSVswHxuY8QPSnAKbJ1mX/SiyGpFSad/cpmd4Gz+YzQiy/D4g==;EndpointSuffix=core.windows.net"
  }
}